,0,1,2
0,,,
1,,NULL (U+0000),00
2,,START OF HEADING (U+0001),01
3,,START OF TEXT (U+0002),02
4,,END OF TEXT (U+0003),03
5,,END OF TRANSMISSION (U+0004),04
6,,ENQUIRY (U+0005),05
7,,ACKNOWLEDGE (U+0006),06
8,,BELL (U+0007),07
9,,BACKSPACE (U+0008),08
10,,CHARACTER TABULATION (U+0009),09
11,,LINE FEED (LF) (U+000A),0a
12,,LINE TABULATION (U+000B),0b
13,,FORM FEED (FF) (U+000C),0c
14,,CARRIAGE RETURN (CR) (U+000D),0d
15,,SHIFT OUT (U+000E),0e
16,,SHIFT IN (U+000F),0f
17,,DATA LINK ESCAPE (U+0010),10
18,,DEVICE CONTROL ONE (U+0011),11
19,,DEVICE CONTROL TWO (U+0012),12
20,,DEVICE CONTROL THREE (U+0013),13
21,,DEVICE CONTROL FOUR (U+0014),14
22,,NEGATIVE ACKNOWLEDGE (U+0015),15
23,,SYNCHRONOUS IDLE (U+0016),16
24,,END OF TRANSMISSION BLOCK (U+0017),17
25,,CANCEL (U+0018),18
26,,END OF MEDIUM (U+0019),19
27,,SUBSTITUTE (U+001A),1a
28,,ESCAPE (U+001B),1b
29,,INFORMATION SEPARATOR FOUR (U+001C),1c
30,,INFORMATION SEPARATOR THREE (U+001D),1d
31,,INFORMATION SEPARATOR TWO (U+001E),1e
32,,INFORMATION SEPARATOR ONE (U+001F),1f
33,,SPACE (U+0020),20
34,!,EXCLAMATION MARK (U+0021),21
35,"""",QUOTATION MARK (U+0022),22
36,#,NUMBER SIGN (U+0023),23
37,$,DOLLAR SIGN (U+0024),24
38,%,PERCENT SIGN (U+0025),25
39,&,AMPERSAND (U+0026),26
40,',APOSTROPHE (U+0027),27
41,(,LEFT PARENTHESIS (U+0028),28
42,),RIGHT PARENTHESIS (U+0029),29
43,*,ASTERISK (U+002A),2a
44,+,PLUS SIGN (U+002B),2b
45,",",COMMA (U+002C),2c
46,-,HYPHEN-MINUS (U+002D),2d
47,.,FULL STOP (U+002E),2e
48,/,SOLIDUS (U+002F),2f
49,0,DIGIT ZERO (U+0030),30
50,1,DIGIT ONE (U+0031),31
51,2,DIGIT TWO (U+0032),32
52,3,DIGIT THREE (U+0033),33
53,4,DIGIT FOUR (U+0034),34
54,5,DIGIT FIVE (U+0035),35
55,6,DIGIT SIX (U+0036),36
56,7,DIGIT SEVEN (U+0037),37
57,8,DIGIT EIGHT (U+0038),38
58,9,DIGIT NINE (U+0039),39
59,:,COLON (U+003A),3a
60,;,SEMICOLON (U+003B),3b
61,<,LESS-THAN SIGN (U+003C),3c
62,=,EQUALS SIGN (U+003D),3d
63,>,GREATER-THAN SIGN (U+003E),3e
64,?,QUESTION MARK (U+003F),3f
65,@,COMMERCIAL AT (U+0040),40
66,A,LATIN CAPITAL LETTER A (U+0041),41
67,B,LATIN CAPITAL LETTER B (U+0042),42
68,C,LATIN CAPITAL LETTER C (U+0043),43
69,D,LATIN CAPITAL LETTER D (U+0044),44
70,E,LATIN CAPITAL LETTER E (U+0045),45
71,F,LATIN CAPITAL LETTER F (U+0046),46
72,G,LATIN CAPITAL LETTER G (U+0047),47
73,H,LATIN CAPITAL LETTER H (U+0048),48
74,I,LATIN CAPITAL LETTER I (U+0049),49
75,J,LATIN CAPITAL LETTER J (U+004A),4a
76,K,LATIN CAPITAL LETTER K (U+004B),4b
77,L,LATIN CAPITAL LETTER L (U+004C),4c
78,M,LATIN CAPITAL LETTER M (U+004D),4d
79,N,LATIN CAPITAL LETTER N (U+004E),4e
80,O,LATIN CAPITAL LETTER O (U+004F),4f
81,P,LATIN CAPITAL LETTER P (U+0050),50
82,Q,LATIN CAPITAL LETTER Q (U+0051),51
83,R,LATIN CAPITAL LETTER R (U+0052),52
84,S,LATIN CAPITAL LETTER S (U+0053),53
85,T,LATIN CAPITAL LETTER T (U+0054),54
86,U,LATIN CAPITAL LETTER U (U+0055),55
87,V,LATIN CAPITAL LETTER V (U+0056),56
88,W,LATIN CAPITAL LETTER W (U+0057),57
89,X,LATIN CAPITAL LETTER X (U+0058),58
90,Y,LATIN CAPITAL LETTER Y (U+0059),59
91,Z,LATIN CAPITAL LETTER Z (U+005A),5a
92,[,LEFT SQUARE BRACKET (U+005B),5b
93,\,REVERSE SOLIDUS (U+005C),5c
94,],RIGHT SQUARE BRACKET (U+005D),5d
95,^,CIRCUMFLEX ACCENT (U+005E),5e
96,_,LOW LINE (U+005F),5f
97,`,GRAVE ACCENT (U+0060),60
98,a,LATIN SMALL LETTER A (U+0061),61
99,b,LATIN SMALL LETTER B (U+0062),62
100,c,LATIN SMALL LETTER C (U+0063),63
101,d,LATIN SMALL LETTER D (U+0064),64
102,e,LATIN SMALL LETTER E (U+0065),65
103,f,LATIN SMALL LETTER F (U+0066),66
104,g,LATIN SMALL LETTER G (U+0067),67
105,h,LATIN SMALL LETTER H (U+0068),68
106,i,LATIN SMALL LETTER I (U+0069),69
107,j,LATIN SMALL LETTER J (U+006A),6a
108,k,LATIN SMALL LETTER K (U+006B),6b
109,l,LATIN SMALL LETTER L (U+006C),6c
110,m,LATIN SMALL LETTER M (U+006D),6d
111,n,LATIN SMALL LETTER N (U+006E),6e
112,o,LATIN SMALL LETTER O (U+006F),6f
113,p,LATIN SMALL LETTER P (U+0070),70
114,q,LATIN SMALL LETTER Q (U+0071),71
115,r,LATIN SMALL LETTER R (U+0072),72
116,s,LATIN SMALL LETTER S (U+0073),73
117,t,LATIN SMALL LETTER T (U+0074),74
118,u,LATIN SMALL LETTER U (U+0075),75
119,v,LATIN SMALL LETTER V (U+0076),76
120,w,LATIN SMALL LETTER W (U+0077),77
121,x,LATIN SMALL LETTER X (U+0078),78
122,y,LATIN SMALL LETTER Y (U+0079),79
123,z,LATIN SMALL LETTER Z (U+007A),7a
124,{,LEFT CURLY BRACKET (U+007B),7b
125,|,VERTICAL LINE (U+007C),7c
126,},RIGHT CURLY BRACKET (U+007D),7d
127,~,TILDE (U+007E),7e
128,,DELETE (U+007F),7f
129,,<control> (U+0080),c280
130,,<control> (U+0081),c281
131,,BREAK PERMITTED HERE (U+0082),c282
132,,NO BREAK HERE (U+0083),c283
133,,<control> (U+0084),c284
134,,NEXT LINE (NEL) (U+0085),c285
135,,START OF SELECTED AREA (U+0086),c286
136,,END OF SELECTED AREA (U+0087),c287
137,,CHARACTER TABULATION SET (U+0088),c288
138,,CHARACTER TABULATION WITH JUSTIFICATION (U+0089),c289
139,,LINE TABULATION SET (U+008A),c28a
140,,PARTIAL LINE FORWARD (U+008B),c28b
141,,PARTIAL LINE BACKWARD (U+008C),c28c
142,,REVERSE LINE FEED (U+008D),c28d
143,,SINGLE SHIFT TWO (U+008E),c28e
144,,SINGLE SHIFT THREE (U+008F),c28f
145,,DEVICE CONTROL STRING (U+0090),c290
146,,PRIVATE USE ONE (U+0091),c291
147,,PRIVATE USE TWO (U+0092),c292
148,,SET TRANSMIT STATE (U+0093),c293
149,,CANCEL CHARACTER (U+0094),c294
150,,MESSAGE WAITING (U+0095),c295
151,,START OF GUARDED AREA (U+0096),c296
152,,END OF GUARDED AREA (U+0097),c297
153,,START OF STRING (U+0098),c298
154,,<control> (U+0099),c299
155,,SINGLE CHARACTER INTRODUCER (U+009A),c29a
156,,CONTROL SEQUENCE INTRODUCER (U+009B),c29b
157,,STRING TERMINATOR (U+009C),c29c
158,,OPERATING SYSTEM COMMAND (U+009D),c29d
159,,PRIVACY MESSAGE (U+009E),c29e
160,,APPLICATION PROGRAM COMMAND (U+009F),c29f
161,,NO-BREAK SPACE (U+00A0),c2a0
162,¡,INVERTED EXCLAMATION MARK (U+00A1),c2a1
163,¢,CENT SIGN (U+00A2),c2a2
164,£,POUND SIGN (U+00A3),c2a3
165,¤,CURRENCY SIGN (U+00A4),c2a4
166,¥,YEN SIGN (U+00A5),c2a5
167,¦,BROKEN BAR (U+00A6),c2a6
168,§,SECTION SIGN (U+00A7),c2a7
169,¨,DIAERESIS (U+00A8),c2a8
170,©,COPYRIGHT SIGN (U+00A9),c2a9
171,ª,FEMININE ORDINAL INDICATOR (U+00AA),c2aa
172,«,LEFT-POINTING DOUBLE ANGLE QUOTATION MARK (U+00AB),c2ab
173,¬,NOT SIGN (U+00AC),c2ac
174,­,SOFT HYPHEN (U+00AD),c2ad
175,®,REGISTERED SIGN (U+00AE),c2ae
176,¯,MACRON (U+00AF),c2af
177,°,DEGREE SIGN (U+00B0),c2b0
178,±,PLUS-MINUS SIGN (U+00B1),c2b1
179,²,SUPERSCRIPT TWO (U+00B2),c2b2
180,³,SUPERSCRIPT THREE (U+00B3),c2b3
181,´,ACUTE ACCENT (U+00B4),c2b4
182,µ,MICRO SIGN (U+00B5),c2b5
183,¶,PILCROW SIGN (U+00B6),c2b6
184,·,MIDDLE DOT (U+00B7),c2b7
185,¸,CEDILLA (U+00B8),c2b8
186,¹,SUPERSCRIPT ONE (U+00B9),c2b9
187,º,MASCULINE ORDINAL INDICATOR (U+00BA),c2ba
188,»,RIGHT-POINTING DOUBLE ANGLE QUOTATION MARK (U+00BB),c2bb
189,¼,VULGAR FRACTION ONE QUARTER (U+00BC),c2bc
190,½,VULGAR FRACTION ONE HALF (U+00BD),c2bd
191,¾,VULGAR FRACTION THREE QUARTERS (U+00BE),c2be
192,¿,INVERTED QUESTION MARK (U+00BF),c2bf
193,À,LATIN CAPITAL LETTER A WITH GRAVE (U+00C0),c380
194,Á,LATIN CAPITAL LETTER A WITH ACUTE (U+00C1),c381
195,Â,LATIN CAPITAL LETTER A WITH CIRCUMFLEX (U+00C2),c382
196,Ã,LATIN CAPITAL LETTER A WITH TILDE (U+00C3),c383
197,Ä,LATIN CAPITAL LETTER A WITH DIAERESIS (U+00C4),c384
198,Å,LATIN CAPITAL LETTER A WITH RING ABOVE (U+00C5),c385
199,Æ,LATIN CAPITAL LETTER AE (U+00C6),c386
200,Ç,LATIN CAPITAL LETTER C WITH CEDILLA (U+00C7),c387
201,È,LATIN CAPITAL LETTER E WITH GRAVE (U+00C8),c388
202,É,LATIN CAPITAL LETTER E WITH ACUTE (U+00C9),c389
203,Ê,LATIN CAPITAL LETTER E WITH CIRCUMFLEX (U+00CA),c38a
204,Ë,LATIN CAPITAL LETTER E WITH DIAERESIS (U+00CB),c38b
205,Ì,LATIN CAPITAL LETTER I WITH GRAVE (U+00CC),c38c
206,Í,LATIN CAPITAL LETTER I WITH ACUTE (U+00CD),c38d
207,Î,LATIN CAPITAL LETTER I WITH CIRCUMFLEX (U+00CE),c38e
208,Ï,LATIN CAPITAL LETTER I WITH DIAERESIS (U+00CF),c38f
209,Ð,LATIN CAPITAL LETTER ETH (U+00D0),c390
210,Ñ,LATIN CAPITAL LETTER N WITH TILDE (U+00D1),c391
211,Ò,LATIN CAPITAL LETTER O WITH GRAVE (U+00D2),c392
212,Ó,LATIN CAPITAL LETTER O WITH ACUTE (U+00D3),c393
213,Ô,LATIN CAPITAL LETTER O WITH CIRCUMFLEX (U+00D4),c394
214,Õ,LATIN CAPITAL LETTER O WITH TILDE (U+00D5),c395
215,Ö,LATIN CAPITAL LETTER O WITH DIAERESIS (U+00D6),c396
216,×,MULTIPLICATION SIGN (U+00D7),c397
217,Ø,LATIN CAPITAL LETTER O WITH STROKE (U+00D8),c398
218,Ù,LATIN CAPITAL LETTER U WITH GRAVE (U+00D9),c399
219,Ú,LATIN CAPITAL LETTER U WITH ACUTE (U+00DA),c39a
220,Û,LATIN CAPITAL LETTER U WITH CIRCUMFLEX (U+00DB),c39b
221,Ü,LATIN CAPITAL LETTER U WITH DIAERESIS (U+00DC),c39c
222,Ý,LATIN CAPITAL LETTER Y WITH ACUTE (U+00DD),c39d
223,Þ,LATIN CAPITAL LETTER THORN (U+00DE),c39e
224,ß,LATIN SMALL LETTER SHARP S (U+00DF),c39f
225,à,LATIN SMALL LETTER A WITH GRAVE (U+00E0),c3a0
226,á,LATIN SMALL LETTER A WITH ACUTE (U+00E1),c3a1
227,â,LATIN SMALL LETTER A WITH CIRCUMFLEX (U+00E2),c3a2
228,ã,LATIN SMALL LETTER A WITH TILDE (U+00E3),c3a3
229,ä,LATIN SMALL LETTER A WITH DIAERESIS (U+00E4),c3a4
230,å,LATIN SMALL LETTER A WITH RING ABOVE (U+00E5),c3a5
231,æ,LATIN SMALL LETTER AE (U+00E6),c3a6
232,ç,LATIN SMALL LETTER C WITH CEDILLA (U+00E7),c3a7
233,è,LATIN SMALL LETTER E WITH GRAVE (U+00E8),c3a8
234,é,LATIN SMALL LETTER E WITH ACUTE (U+00E9),c3a9
235,ê,LATIN SMALL LETTER E WITH CIRCUMFLEX (U+00EA),c3aa
236,ë,LATIN SMALL LETTER E WITH DIAERESIS (U+00EB),c3ab
237,ì,LATIN SMALL LETTER I WITH GRAVE (U+00EC),c3ac
238,í,LATIN SMALL LETTER I WITH ACUTE (U+00ED),c3ad
239,î,LATIN SMALL LETTER I WITH CIRCUMFLEX (U+00EE),c3ae
240,ï,LATIN SMALL LETTER I WITH DIAERESIS (U+00EF),c3af
241,ð,LATIN SMALL LETTER ETH (U+00F0),c3b0
242,ñ,LATIN SMALL LETTER N WITH TILDE (U+00F1),c3b1
243,ò,LATIN SMALL LETTER O WITH GRAVE (U+00F2),c3b2
244,ó,LATIN SMALL LETTER O WITH ACUTE (U+00F3),c3b3
245,ô,LATIN SMALL LETTER O WITH CIRCUMFLEX (U+00F4),c3b4
246,õ,LATIN SMALL LETTER O WITH TILDE (U+00F5),c3b5
247,ö,LATIN SMALL LETTER O WITH DIAERESIS (U+00F6),c3b6
248,÷,DIVISION SIGN (U+00F7),c3b7
249,ø,LATIN SMALL LETTER O WITH STROKE (U+00F8),c3b8
250,ù,LATIN SMALL LETTER U WITH GRAVE (U+00F9),c3b9
251,ú,LATIN SMALL LETTER U WITH ACUTE (U+00FA),c3ba
252,û,LATIN SMALL LETTER U WITH CIRCUMFLEX (U+00FB),c3bb
253,ü,LATIN SMALL LETTER U WITH DIAERESIS (U+00FC),c3bc
254,ý,LATIN SMALL LETTER Y WITH ACUTE (U+00FD),c3bd
255,þ,LATIN SMALL LETTER THORN (U+00FE),c3be
256,ÿ,LATIN SMALL LETTER Y WITH DIAERESIS (U+00FF),c3bf
257,Ā,LATIN CAPITAL LETTER A WITH MACRON (U+0100),c480
258,ā,LATIN SMALL LETTER A WITH MACRON (U+0101),c481
259,Ă,LATIN CAPITAL LETTER A WITH BREVE (U+0102),c482
260,ă,LATIN SMALL LETTER A WITH BREVE (U+0103),c483
261,Ą,LATIN CAPITAL LETTER A WITH OGONEK (U+0104),c484
262,ą,LATIN SMALL LETTER A WITH OGONEK (U+0105),c485
263,Ć,LATIN CAPITAL LETTER C WITH ACUTE (U+0106),c486
264,ć,LATIN SMALL LETTER C WITH ACUTE (U+0107),c487
265,Ĉ,LATIN CAPITAL LETTER C WITH CIRCUMFLEX (U+0108),c488
266,ĉ,LATIN SMALL LETTER C WITH CIRCUMFLEX (U+0109),c489
267,Ċ,LATIN CAPITAL LETTER C WITH DOT ABOVE (U+010A),c48a
268,ċ,LATIN SMALL LETTER C WITH DOT ABOVE (U+010B),c48b
269,Č,LATIN CAPITAL LETTER C WITH CARON (U+010C),c48c
270,č,LATIN SMALL LETTER C WITH CARON (U+010D),c48d
271,Ď,LATIN CAPITAL LETTER D WITH CARON (U+010E),c48e
272,ď,LATIN SMALL LETTER D WITH CARON (U+010F),c48f
273,Đ,LATIN CAPITAL LETTER D WITH STROKE (U+0110),c490
274,đ,LATIN SMALL LETTER D WITH STROKE (U+0111),c491
275,Ē,LATIN CAPITAL LETTER E WITH MACRON (U+0112),c492
276,ē,LATIN SMALL LETTER E WITH MACRON (U+0113),c493
277,Ĕ,LATIN CAPITAL LETTER E WITH BREVE (U+0114),c494
278,ĕ,LATIN SMALL LETTER E WITH BREVE (U+0115),c495
279,Ė,LATIN CAPITAL LETTER E WITH DOT ABOVE (U+0116),c496
280,ė,LATIN SMALL LETTER E WITH DOT ABOVE (U+0117),c497
281,Ę,LATIN CAPITAL LETTER E WITH OGONEK (U+0118),c498
282,ę,LATIN SMALL LETTER E WITH OGONEK (U+0119),c499
283,Ě,LATIN CAPITAL LETTER E WITH CARON (U+011A),c49a
284,ě,LATIN SMALL LETTER E WITH CARON (U+011B),c49b
285,Ĝ,LATIN CAPITAL LETTER G WITH CIRCUMFLEX (U+011C),c49c
286,ĝ,LATIN SMALL LETTER G WITH CIRCUMFLEX (U+011D),c49d
287,Ğ,LATIN CAPITAL LETTER G WITH BREVE (U+011E),c49e
288,ğ,LATIN SMALL LETTER G WITH BREVE (U+011F),c49f
289,Ġ,LATIN CAPITAL LETTER G WITH DOT ABOVE (U+0120),c4a0
290,ġ,LATIN SMALL LETTER G WITH DOT ABOVE (U+0121),c4a1
291,Ģ,LATIN CAPITAL LETTER G WITH CEDILLA (U+0122),c4a2
292,ģ,LATIN SMALL LETTER G WITH CEDILLA (U+0123),c4a3
293,Ĥ,LATIN CAPITAL LETTER H WITH CIRCUMFLEX (U+0124),c4a4
294,ĥ,LATIN SMALL LETTER H WITH CIRCUMFLEX (U+0125),c4a5
295,Ħ,LATIN CAPITAL LETTER H WITH STROKE (U+0126),c4a6
296,ħ,LATIN SMALL LETTER H WITH STROKE (U+0127),c4a7
297,Ĩ,LATIN CAPITAL LETTER I WITH TILDE (U+0128),c4a8
298,ĩ,LATIN SMALL LETTER I WITH TILDE (U+0129),c4a9
299,Ī,LATIN CAPITAL LETTER I WITH MACRON (U+012A),c4aa
300,ī,LATIN SMALL LETTER I WITH MACRON (U+012B),c4ab
301,Ĭ,LATIN CAPITAL LETTER I WITH BREVE (U+012C),c4ac
302,ĭ,LATIN SMALL LETTER I WITH BREVE (U+012D),c4ad
303,Į,LATIN CAPITAL LETTER I WITH OGONEK (U+012E),c4ae
304,į,LATIN SMALL LETTER I WITH OGONEK (U+012F),c4af
305,İ,LATIN CAPITAL LETTER I WITH DOT ABOVE (U+0130),c4b0
306,ı,LATIN SMALL LETTER DOTLESS I (U+0131),c4b1
307,Ĳ,LATIN CAPITAL LIGATURE IJ (U+0132),c4b2
308,ĳ,LATIN SMALL LIGATURE IJ (U+0133),c4b3
309,Ĵ,LATIN CAPITAL LETTER J WITH CIRCUMFLEX (U+0134),c4b4
310,ĵ,LATIN SMALL LETTER J WITH CIRCUMFLEX (U+0135),c4b5
311,Ķ,LATIN CAPITAL LETTER K WITH CEDILLA (U+0136),c4b6
312,ķ,LATIN SMALL LETTER K WITH CEDILLA (U+0137),c4b7
313,ĸ,LATIN SMALL LETTER KRA (U+0138),c4b8
314,Ĺ,LATIN CAPITAL LETTER L WITH ACUTE (U+0139),c4b9
315,ĺ,LATIN SMALL LETTER L WITH ACUTE (U+013A),c4ba
316,Ļ,LATIN CAPITAL LETTER L WITH CEDILLA (U+013B),c4bb
317,ļ,LATIN SMALL LETTER L WITH CEDILLA (U+013C),c4bc
318,Ľ,LATIN CAPITAL LETTER L WITH CARON (U+013D),c4bd
319,ľ,LATIN SMALL LETTER L WITH CARON (U+013E),c4be
320,Ŀ,LATIN CAPITAL LETTER L WITH MIDDLE DOT (U+013F),c4bf
321,ŀ,LATIN SMALL LETTER L WITH MIDDLE DOT (U+0140),c580
322,Ł,LATIN CAPITAL LETTER L WITH STROKE (U+0141),c581
323,ł,LATIN SMALL LETTER L WITH STROKE (U+0142),c582
324,Ń,LATIN CAPITAL LETTER N WITH ACUTE (U+0143),c583
325,ń,LATIN SMALL LETTER N WITH ACUTE (U+0144),c584
326,Ņ,LATIN CAPITAL LETTER N WITH CEDILLA (U+0145),c585
327,ņ,LATIN SMALL LETTER N WITH CEDILLA (U+0146),c586
328,Ň,LATIN CAPITAL LETTER N WITH CARON (U+0147),c587
329,ň,LATIN SMALL LETTER N WITH CARON (U+0148),c588
330,ŉ,LATIN SMALL LETTER N PRECEDED BY APOSTROPHE (U+0149),c589
331,Ŋ,LATIN CAPITAL LETTER ENG (U+014A),c58a
332,ŋ,LATIN SMALL LETTER ENG (U+014B),c58b
333,Ō,LATIN CAPITAL LETTER O WITH MACRON (U+014C),c58c
334,ō,LATIN SMALL LETTER O WITH MACRON (U+014D),c58d
335,Ŏ,LATIN CAPITAL LETTER O WITH BREVE (U+014E),c58e
336,ŏ,LATIN SMALL LETTER O WITH BREVE (U+014F),c58f
337,Ő,LATIN CAPITAL LETTER O WITH DOUBLE ACUTE (U+0150),c590
338,ő,LATIN SMALL LETTER O WITH DOUBLE ACUTE (U+0151),c591
339,Œ,LATIN CAPITAL LIGATURE OE (U+0152),c592
340,œ,LATIN SMALL LIGATURE OE (U+0153),c593
341,Ŕ,LATIN CAPITAL LETTER R WITH ACUTE (U+0154),c594
342,ŕ,LATIN SMALL LETTER R WITH ACUTE (U+0155),c595
343,Ŗ,LATIN CAPITAL LETTER R WITH CEDILLA (U+0156),c596
344,ŗ,LATIN SMALL LETTER R WITH CEDILLA (U+0157),c597
345,Ř,LATIN CAPITAL LETTER R WITH CARON (U+0158),c598
346,ř,LATIN SMALL LETTER R WITH CARON (U+0159),c599
347,Ś,LATIN CAPITAL LETTER S WITH ACUTE (U+015A),c59a
348,ś,LATIN SMALL LETTER S WITH ACUTE (U+015B),c59b
349,Ŝ,LATIN CAPITAL LETTER S WITH CIRCUMFLEX (U+015C),c59c
350,ŝ,LATIN SMALL LETTER S WITH CIRCUMFLEX (U+015D),c59d
351,Ş,LATIN CAPITAL LETTER S WITH CEDILLA (U+015E),c59e
352,ş,LATIN SMALL LETTER S WITH CEDILLA (U+015F),c59f
353,Š,LATIN CAPITAL LETTER S WITH CARON (U+0160),c5a0
354,š,LATIN SMALL LETTER S WITH CARON (U+0161),c5a1
355,Ţ,LATIN CAPITAL LETTER T WITH CEDILLA (U+0162),c5a2
356,ţ,LATIN SMALL LETTER T WITH CEDILLA (U+0163),c5a3
357,Ť,LATIN CAPITAL LETTER T WITH CARON (U+0164),c5a4
358,ť,LATIN SMALL LETTER T WITH CARON (U+0165),c5a5
359,Ŧ,LATIN CAPITAL LETTER T WITH STROKE (U+0166),c5a6
360,ŧ,LATIN SMALL LETTER T WITH STROKE (U+0167),c5a7
361,Ũ,LATIN CAPITAL LETTER U WITH TILDE (U+0168),c5a8
362,ũ,LATIN SMALL LETTER U WITH TILDE (U+0169),c5a9
363,Ū,LATIN CAPITAL LETTER U WITH MACRON (U+016A),c5aa
364,ū,LATIN SMALL LETTER U WITH MACRON (U+016B),c5ab
365,Ŭ,LATIN CAPITAL LETTER U WITH BREVE (U+016C),c5ac
366,ŭ,LATIN SMALL LETTER U WITH BREVE (U+016D),c5ad
367,Ů,LATIN CAPITAL LETTER U WITH RING ABOVE (U+016E),c5ae
368,ů,LATIN SMALL LETTER U WITH RING ABOVE (U+016F),c5af
369,Ű,LATIN CAPITAL LETTER U WITH DOUBLE ACUTE (U+0170),c5b0
370,ű,LATIN SMALL LETTER U WITH DOUBLE ACUTE (U+0171),c5b1
371,Ų,LATIN CAPITAL LETTER U WITH OGONEK (U+0172),c5b2
372,ų,LATIN SMALL LETTER U WITH OGONEK (U+0173),c5b3
373,Ŵ,LATIN CAPITAL LETTER W WITH CIRCUMFLEX (U+0174),c5b4
374,ŵ,LATIN SMALL LETTER W WITH CIRCUMFLEX (U+0175),c5b5
375,Ŷ,LATIN CAPITAL LETTER Y WITH CIRCUMFLEX (U+0176),c5b6
376,ŷ,LATIN SMALL LETTER Y WITH CIRCUMFLEX (U+0177),c5b7
377,Ÿ,LATIN CAPITAL LETTER Y WITH DIAERESIS (U+0178),c5b8
378,Ź,LATIN CAPITAL LETTER Z WITH ACUTE (U+0179),c5b9
379,ź,LATIN SMALL LETTER Z WITH ACUTE (U+017A),c5ba
380,Ż,LATIN CAPITAL LETTER Z WITH DOT ABOVE (U+017B),c5bb
381,ż,LATIN SMALL LETTER Z WITH DOT ABOVE (U+017C),c5bc
382,Ž,LATIN CAPITAL LETTER Z WITH CARON (U+017D),c5bd
383,ž,LATIN SMALL LETTER Z WITH CARON (U+017E),c5be
384,ſ,LATIN SMALL LETTER LONG S (U+017F),c5bf
385,ƀ,LATIN SMALL LETTER B WITH STROKE (U+0180),c680
386,Ɓ,LATIN CAPITAL LETTER B WITH HOOK (U+0181),c681
387,Ƃ,LATIN CAPITAL LETTER B WITH TOPBAR (U+0182),c682
388,ƃ,LATIN SMALL LETTER B WITH TOPBAR (U+0183),c683
389,Ƅ,LATIN CAPITAL LETTER TONE SIX (U+0184),c684
390,ƅ,LATIN SMALL LETTER TONE SIX (U+0185),c685
391,Ɔ,LATIN CAPITAL LETTER OPEN O (U+0186),c686
392,Ƈ,LATIN CAPITAL LETTER C WITH HOOK (U+0187),c687
393,ƈ,LATIN SMALL LETTER C WITH HOOK (U+0188),c688
394,Ɖ,LATIN CAPITAL LETTER AFRICAN D (U+0189),c689
395,Ɗ,LATIN CAPITAL LETTER D WITH HOOK (U+018A),c68a
396,Ƌ,LATIN CAPITAL LETTER D WITH TOPBAR (U+018B),c68b
397,ƌ,LATIN SMALL LETTER D WITH TOPBAR (U+018C),c68c
398,ƍ,LATIN SMALL LETTER TURNED DELTA (U+018D),c68d
399,Ǝ,LATIN CAPITAL LETTER REVERSED E (U+018E),c68e
400,Ə,LATIN CAPITAL LETTER SCHWA (U+018F),c68f
401,Ɛ,LATIN CAPITAL LETTER OPEN E (U+0190),c690
402,Ƒ,LATIN CAPITAL LETTER F WITH HOOK (U+0191),c691
403,ƒ,LATIN SMALL LETTER F WITH HOOK (U+0192),c692
404,Ɠ,LATIN CAPITAL LETTER G WITH HOOK (U+0193),c693
405,Ɣ,LATIN CAPITAL LETTER GAMMA (U+0194),c694
406,ƕ,LATIN SMALL LETTER HV (U+0195),c695
407,Ɩ,LATIN CAPITAL LETTER IOTA (U+0196),c696
408,Ɨ,LATIN CAPITAL LETTER I WITH STROKE (U+0197),c697
409,Ƙ,LATIN CAPITAL LETTER K WITH HOOK (U+0198),c698
410,ƙ,LATIN SMALL LETTER K WITH HOOK (U+0199),c699
411,ƚ,LATIN SMALL LETTER L WITH BAR (U+019A),c69a
412,ƛ,LATIN SMALL LETTER LAMBDA WITH STROKE (U+019B),c69b
413,Ɯ,LATIN CAPITAL LETTER TURNED M (U+019C),c69c
414,Ɲ,LATIN CAPITAL LETTER N WITH LEFT HOOK (U+019D),c69d
415,ƞ,LATIN SMALL LETTER N WITH LONG RIGHT LEG (U+019E),c69e
416,Ɵ,LATIN CAPITAL LETTER O WITH MIDDLE TILDE (U+019F),c69f
417,Ơ,LATIN CAPITAL LETTER O WITH HORN (U+01A0),c6a0
418,ơ,LATIN SMALL LETTER O WITH HORN (U+01A1),c6a1
419,Ƣ,LATIN CAPITAL LETTER OI (U+01A2),c6a2
420,ƣ,LATIN SMALL LETTER OI (U+01A3),c6a3
421,Ƥ,LATIN CAPITAL LETTER P WITH HOOK (U+01A4),c6a4
422,ƥ,LATIN SMALL LETTER P WITH HOOK (U+01A5),c6a5
423,Ʀ,LATIN LETTER YR (U+01A6),c6a6
424,Ƨ,LATIN CAPITAL LETTER TONE TWO (U+01A7),c6a7
425,ƨ,LATIN SMALL LETTER TONE TWO (U+01A8),c6a8
426,Ʃ,LATIN CAPITAL LETTER ESH (U+01A9),c6a9
427,ƪ,LATIN LETTER REVERSED ESH LOOP (U+01AA),c6aa
428,ƫ,LATIN SMALL LETTER T WITH PALATAL HOOK (U+01AB),c6ab
429,Ƭ,LATIN CAPITAL LETTER T WITH HOOK (U+01AC),c6ac
430,ƭ,LATIN SMALL LETTER T WITH HOOK (U+01AD),c6ad
431,Ʈ,LATIN CAPITAL LETTER T WITH RETROFLEX HOOK (U+01AE),c6ae
432,Ư,LATIN CAPITAL LETTER U WITH HORN (U+01AF),c6af
433,ư,LATIN SMALL LETTER U WITH HORN (U+01B0),c6b0
434,Ʊ,LATIN CAPITAL LETTER UPSILON (U+01B1),c6b1
435,Ʋ,LATIN CAPITAL LETTER V WITH HOOK (U+01B2),c6b2
436,Ƴ,LATIN CAPITAL LETTER Y WITH HOOK (U+01B3),c6b3
437,ƴ,LATIN SMALL LETTER Y WITH HOOK (U+01B4),c6b4
438,Ƶ,LATIN CAPITAL LETTER Z WITH STROKE (U+01B5),c6b5
439,ƶ,LATIN SMALL LETTER Z WITH STROKE (U+01B6),c6b6
440,Ʒ,LATIN CAPITAL LETTER EZH (U+01B7),c6b7
441,Ƹ,LATIN CAPITAL LETTER EZH REVERSED (U+01B8),c6b8
442,ƹ,LATIN SMALL LETTER EZH REVERSED (U+01B9),c6b9
443,ƺ,LATIN SMALL LETTER EZH WITH TAIL (U+01BA),c6ba
444,ƻ,LATIN LETTER TWO WITH STROKE (U+01BB),c6bb
445,Ƽ,LATIN CAPITAL LETTER TONE FIVE (U+01BC),c6bc
446,ƽ,LATIN SMALL LETTER TONE FIVE (U+01BD),c6bd
447,ƾ,LATIN LETTER INVERTED GLOTTAL STOP WITH STROKE (U+01BE),c6be
448,ƿ,LATIN LETTER WYNN (U+01BF),c6bf
449,ǀ,LATIN LETTER DENTAL CLICK (U+01C0),c780
450,ǁ,LATIN LETTER LATERAL CLICK (U+01C1),c781
451,ǂ,LATIN LETTER ALVEOLAR CLICK (U+01C2),c782
452,ǃ,LATIN LETTER RETROFLEX CLICK (U+01C3),c783
453,Ǆ,LATIN CAPITAL LETTER DZ WITH CARON (U+01C4),c784
454,ǅ,LATIN CAPITAL LETTER D WITH SMALL LETTER Z WITH CARON (U+01C5),c785
455,ǆ,LATIN SMALL LETTER DZ WITH CARON (U+01C6),c786
456,Ǉ,LATIN CAPITAL LETTER LJ (U+01C7),c787
457,ǈ,LATIN CAPITAL LETTER L WITH SMALL LETTER J (U+01C8),c788
458,ǉ,LATIN SMALL LETTER LJ (U+01C9),c789
459,Ǌ,LATIN CAPITAL LETTER NJ (U+01CA),c78a
460,ǋ,LATIN CAPITAL LETTER N WITH SMALL LETTER J (U+01CB),c78b
461,ǌ,LATIN SMALL LETTER NJ (U+01CC),c78c
462,Ǎ,LATIN CAPITAL LETTER A WITH CARON (U+01CD),c78d
463,ǎ,LATIN SMALL LETTER A WITH CARON (U+01CE),c78e
464,Ǐ,LATIN CAPITAL LETTER I WITH CARON (U+01CF),c78f
465,ǐ,LATIN SMALL LETTER I WITH CARON (U+01D0),c790
466,Ǒ,LATIN CAPITAL LETTER O WITH CARON (U+01D1),c791
467,ǒ,LATIN SMALL LETTER O WITH CARON (U+01D2),c792
468,Ǔ,LATIN CAPITAL LETTER U WITH CARON (U+01D3),c793
469,ǔ,LATIN SMALL LETTER U WITH CARON (U+01D4),c794
470,Ǖ,LATIN CAPITAL LETTER U WITH DIAERESIS AND MACRON (U+01D5),c795
471,ǖ,LATIN SMALL LETTER U WITH DIAERESIS AND MACRON (U+01D6),c796
472,Ǘ,LATIN CAPITAL LETTER U WITH DIAERESIS AND ACUTE (U+01D7),c797
473,ǘ,LATIN SMALL LETTER U WITH DIAERESIS AND ACUTE (U+01D8),c798
474,Ǚ,LATIN CAPITAL LETTER U WITH DIAERESIS AND CARON (U+01D9),c799
475,ǚ,LATIN SMALL LETTER U WITH DIAERESIS AND CARON (U+01DA),c79a
476,Ǜ,LATIN CAPITAL LETTER U WITH DIAERESIS AND GRAVE (U+01DB),c79b
477,ǜ,LATIN SMALL LETTER U WITH DIAERESIS AND GRAVE (U+01DC),c79c
478,ǝ,LATIN SMALL LETTER TURNED E (U+01DD),c79d
479,Ǟ,LATIN CAPITAL LETTER A WITH DIAERESIS AND MACRON (U+01DE),c79e
480,ǟ,LATIN SMALL LETTER A WITH DIAERESIS AND MACRON (U+01DF),c79f
481,Ǡ,LATIN CAPITAL LETTER A WITH DOT ABOVE AND MACRON (U+01E0),c7a0
482,ǡ,LATIN SMALL LETTER A WITH DOT ABOVE AND MACRON (U+01E1),c7a1
483,Ǣ,LATIN CAPITAL LETTER AE WITH MACRON (U+01E2),c7a2
484,ǣ,LATIN SMALL LETTER AE WITH MACRON (U+01E3),c7a3
485,Ǥ,LATIN CAPITAL LETTER G WITH STROKE (U+01E4),c7a4
486,ǥ,LATIN SMALL LETTER G WITH STROKE (U+01E5),c7a5
487,Ǧ,LATIN CAPITAL LETTER G WITH CARON (U+01E6),c7a6
488,ǧ,LATIN SMALL LETTER G WITH CARON (U+01E7),c7a7
489,Ǩ,LATIN CAPITAL LETTER K WITH CARON (U+01E8),c7a8
490,ǩ,LATIN SMALL LETTER K WITH CARON (U+01E9),c7a9
491,Ǫ,LATIN CAPITAL LETTER O WITH OGONEK (U+01EA),c7aa
492,ǫ,LATIN SMALL LETTER O WITH OGONEK (U+01EB),c7ab
493,Ǭ,LATIN CAPITAL LETTER O WITH OGONEK AND MACRON (U+01EC),c7ac
494,ǭ,LATIN SMALL LETTER O WITH OGONEK AND MACRON (U+01ED),c7ad
495,Ǯ,LATIN CAPITAL LETTER EZH WITH CARON (U+01EE),c7ae
496,ǯ,LATIN SMALL LETTER EZH WITH CARON (U+01EF),c7af
497,ǰ,LATIN SMALL LETTER J WITH CARON (U+01F0),c7b0
498,Ǳ,LATIN CAPITAL LETTER DZ (U+01F1),c7b1
499,ǲ,LATIN CAPITAL LETTER D WITH SMALL LETTER Z (U+01F2),c7b2
500,ǳ,LATIN SMALL LETTER DZ (U+01F3),c7b3
501,Ǵ,LATIN CAPITAL LETTER G WITH ACUTE (U+01F4),c7b4
502,ǵ,LATIN SMALL LETTER G WITH ACUTE (U+01F5),c7b5
503,Ƕ,LATIN CAPITAL LETTER HWAIR (U+01F6),c7b6
504,Ƿ,LATIN CAPITAL LETTER WYNN (U+01F7),c7b7
505,Ǹ,LATIN CAPITAL LETTER N WITH GRAVE (U+01F8),c7b8
506,ǹ,LATIN SMALL LETTER N WITH GRAVE (U+01F9),c7b9
507,Ǻ,LATIN CAPITAL LETTER A WITH RING ABOVE AND ACUTE (U+01FA),c7ba
508,ǻ,LATIN SMALL LETTER A WITH RING ABOVE AND ACUTE (U+01FB),c7bb
509,Ǽ,LATIN CAPITAL LETTER AE WITH ACUTE (U+01FC),c7bc
510,ǽ,LATIN SMALL LETTER AE WITH ACUTE (U+01FD),c7bd
511,Ǿ,LATIN CAPITAL LETTER O WITH STROKE AND ACUTE (U+01FE),c7be
512,ǿ,LATIN SMALL LETTER O WITH STROKE AND ACUTE (U+01FF),c7bf
513,Ȁ,LATIN CAPITAL LETTER A WITH DOUBLE GRAVE (U+0200),c880
514,ȁ,LATIN SMALL LETTER A WITH DOUBLE GRAVE (U+0201),c881
515,Ȃ,LATIN CAPITAL LETTER A WITH INVERTED BREVE (U+0202),c882
516,ȃ,LATIN SMALL LETTER A WITH INVERTED BREVE (U+0203),c883
517,Ȅ,LATIN CAPITAL LETTER E WITH DOUBLE GRAVE (U+0204),c884
518,ȅ,LATIN SMALL LETTER E WITH DOUBLE GRAVE (U+0205),c885
519,Ȇ,LATIN CAPITAL LETTER E WITH INVERTED BREVE (U+0206),c886
520,ȇ,LATIN SMALL LETTER E WITH INVERTED BREVE (U+0207),c887
521,Ȉ,LATIN CAPITAL LETTER I WITH DOUBLE GRAVE (U+0208),c888
522,ȉ,LATIN SMALL LETTER I WITH DOUBLE GRAVE (U+0209),c889
523,Ȋ,LATIN CAPITAL LETTER I WITH INVERTED BREVE (U+020A),c88a
524,ȋ,LATIN SMALL LETTER I WITH INVERTED BREVE (U+020B),c88b
525,Ȍ,LATIN CAPITAL LETTER O WITH DOUBLE GRAVE (U+020C),c88c
526,ȍ,LATIN SMALL LETTER O WITH DOUBLE GRAVE (U+020D),c88d
527,Ȏ,LATIN CAPITAL LETTER O WITH INVERTED BREVE (U+020E),c88e
528,ȏ,LATIN SMALL LETTER O WITH INVERTED BREVE (U+020F),c88f
529,Ȑ,LATIN CAPITAL LETTER R WITH DOUBLE GRAVE (U+0210),c890
530,ȑ,LATIN SMALL LETTER R WITH DOUBLE GRAVE (U+0211),c891
531,Ȓ,LATIN CAPITAL LETTER R WITH INVERTED BREVE (U+0212),c892
532,ȓ,LATIN SMALL LETTER R WITH INVERTED BREVE (U+0213),c893
533,Ȕ,LATIN CAPITAL LETTER U WITH DOUBLE GRAVE (U+0214),c894
534,ȕ,LATIN SMALL LETTER U WITH DOUBLE GRAVE (U+0215),c895
535,Ȗ,LATIN CAPITAL LETTER U WITH INVERTED BREVE (U+0216),c896
536,ȗ,LATIN SMALL LETTER U WITH INVERTED BREVE (U+0217),c897
537,Ș,LATIN CAPITAL LETTER S WITH COMMA BELOW (U+0218),c898
538,ș,LATIN SMALL LETTER S WITH COMMA BELOW (U+0219),c899
539,Ț,LATIN CAPITAL LETTER T WITH COMMA BELOW (U+021A),c89a
540,ț,LATIN SMALL LETTER T WITH COMMA BELOW (U+021B),c89b
541,Ȝ,LATIN CAPITAL LETTER YOGH (U+021C),c89c
542,ȝ,LATIN SMALL LETTER YOGH (U+021D),c89d
543,Ȟ,LATIN CAPITAL LETTER H WITH CARON (U+021E),c89e
544,ȟ,LATIN SMALL LETTER H WITH CARON (U+021F),c89f
545,Ƞ,LATIN CAPITAL LETTER N WITH LONG RIGHT LEG (U+0220),c8a0
546,ȡ,LATIN SMALL LETTER D WITH CURL (U+0221),c8a1
547,Ȣ,LATIN CAPITAL LETTER OU (U+0222),c8a2
548,ȣ,LATIN SMALL LETTER OU (U+0223),c8a3
549,Ȥ,LATIN CAPITAL LETTER Z WITH HOOK (U+0224),c8a4
550,ȥ,LATIN SMALL LETTER Z WITH HOOK (U+0225),c8a5
551,Ȧ,LATIN CAPITAL LETTER A WITH DOT ABOVE (U+0226),c8a6
552,ȧ,LATIN SMALL LETTER A WITH DOT ABOVE (U+0227),c8a7
553,Ȩ,LATIN CAPITAL LETTER E WITH CEDILLA (U+0228),c8a8
554,ȩ,LATIN SMALL LETTER E WITH CEDILLA (U+0229),c8a9
555,Ȫ,LATIN CAPITAL LETTER O WITH DIAERESIS AND MACRON (U+022A),c8aa
556,ȫ,LATIN SMALL LETTER O WITH DIAERESIS AND MACRON (U+022B),c8ab
557,Ȭ,LATIN CAPITAL LETTER O WITH TILDE AND MACRON (U+022C),c8ac
558,ȭ,LATIN SMALL LETTER O WITH TILDE AND MACRON (U+022D),c8ad
559,Ȯ,LATIN CAPITAL LETTER O WITH DOT ABOVE (U+022E),c8ae
560,ȯ,LATIN SMALL LETTER O WITH DOT ABOVE (U+022F),c8af
561,Ȱ,LATIN CAPITAL LETTER O WITH DOT ABOVE AND MACRON (U+0230),c8b0
562,ȱ,LATIN SMALL LETTER O WITH DOT ABOVE AND MACRON (U+0231),c8b1
563,Ȳ,LATIN CAPITAL LETTER Y WITH MACRON (U+0232),c8b2
564,ȳ,LATIN SMALL LETTER Y WITH MACRON (U+0233),c8b3
565,ȴ,LATIN SMALL LETTER L WITH CURL (U+0234),c8b4
566,ȵ,LATIN SMALL LETTER N WITH CURL (U+0235),c8b5
567,ȶ,LATIN SMALL LETTER T WITH CURL (U+0236),c8b6
568,ȷ,LATIN SMALL LETTER DOTLESS J (U+0237),c8b7
569,ȸ,LATIN SMALL LETTER DB DIGRAPH (U+0238),c8b8
570,ȹ,LATIN SMALL LETTER QP DIGRAPH (U+0239),c8b9
571,Ⱥ,LATIN CAPITAL LETTER A WITH STROKE (U+023A),c8ba
572,Ȼ,LATIN CAPITAL LETTER C WITH STROKE (U+023B),c8bb
573,ȼ,LATIN SMALL LETTER C WITH STROKE (U+023C),c8bc
574,Ƚ,LATIN CAPITAL LETTER L WITH BAR (U+023D),c8bd
575,Ⱦ,LATIN CAPITAL LETTER T WITH DIAGONAL STROKE (U+023E),c8be
576,ȿ,LATIN SMALL LETTER S WITH SWASH TAIL (U+023F),c8bf
577,ɀ,LATIN SMALL LETTER Z WITH SWASH TAIL (U+0240),c980
578,Ɂ,LATIN CAPITAL LETTER GLOTTAL STOP (U+0241),c981
579,ɂ,LATIN SMALL LETTER GLOTTAL STOP (U+0242),c982
580,Ƀ,LATIN CAPITAL LETTER B WITH STROKE (U+0243),c983
581,Ʉ,LATIN CAPITAL LETTER U BAR (U+0244),c984
582,Ʌ,LATIN CAPITAL LETTER TURNED V (U+0245),c985
583,Ɇ,LATIN CAPITAL LETTER E WITH STROKE (U+0246),c986
584,ɇ,LATIN SMALL LETTER E WITH STROKE (U+0247),c987
585,Ɉ,LATIN CAPITAL LETTER J WITH STROKE (U+0248),c988
586,ɉ,LATIN SMALL LETTER J WITH STROKE (U+0249),c989
587,Ɋ,LATIN CAPITAL LETTER SMALL Q WITH HOOK TAIL (U+024A),c98a
588,ɋ,LATIN SMALL LETTER Q WITH HOOK TAIL (U+024B),c98b
589,Ɍ,LATIN CAPITAL LETTER R WITH STROKE (U+024C),c98c
590,ɍ,LATIN SMALL LETTER R WITH STROKE (U+024D),c98d
591,Ɏ,LATIN CAPITAL LETTER Y WITH STROKE (U+024E),c98e
592,ɏ,LATIN SMALL LETTER Y WITH STROKE (U+024F),c98f
593,ɐ,LATIN SMALL LETTER TURNED A (U+0250),c990
594,ɑ,LATIN SMALL LETTER ALPHA (U+0251),c991
595,ɒ,LATIN SMALL LETTER TURNED ALPHA (U+0252),c992
596,ɓ,LATIN SMALL LETTER B WITH HOOK (U+0253),c993
597,ɔ,LATIN SMALL LETTER OPEN O (U+0254),c994
598,ɕ,LATIN SMALL LETTER C WITH CURL (U+0255),c995
599,ɖ,LATIN SMALL LETTER D WITH TAIL (U+0256),c996
600,ɗ,LATIN SMALL LETTER D WITH HOOK (U+0257),c997
601,ɘ,LATIN SMALL LETTER REVERSED E (U+0258),c998
602,ə,LATIN SMALL LETTER SCHWA (U+0259),c999
603,ɚ,LATIN SMALL LETTER SCHWA WITH HOOK (U+025A),c99a
604,ɛ,LATIN SMALL LETTER OPEN E (U+025B),c99b
605,ɜ,LATIN SMALL LETTER REVERSED OPEN E (U+025C),c99c
606,ɝ,LATIN SMALL LETTER REVERSED OPEN E WITH HOOK (U+025D),c99d
607,ɞ,LATIN SMALL LETTER CLOSED REVERSED OPEN E (U+025E),c99e
608,ɟ,LATIN SMALL LETTER DOTLESS J WITH STROKE (U+025F),c99f
609,ɠ,LATIN SMALL LETTER G WITH HOOK (U+0260),c9a0
610,ɡ,LATIN SMALL LETTER SCRIPT G (U+0261),c9a1
611,ɢ,LATIN LETTER SMALL CAPITAL G (U+0262),c9a2
612,ɣ,LATIN SMALL LETTER GAMMA (U+0263),c9a3
613,ɤ,LATIN SMALL LETTER RAMS HORN (U+0264),c9a4
614,ɥ,LATIN SMALL LETTER TURNED H (U+0265),c9a5
615,ɦ,LATIN SMALL LETTER H WITH HOOK (U+0266),c9a6
616,ɧ,LATIN SMALL LETTER HENG WITH HOOK (U+0267),c9a7
617,ɨ,LATIN SMALL LETTER I WITH STROKE (U+0268),c9a8
618,ɩ,LATIN SMALL LETTER IOTA (U+0269),c9a9
619,ɪ,LATIN LETTER SMALL CAPITAL I (U+026A),c9aa
620,ɫ,LATIN SMALL LETTER L WITH MIDDLE TILDE (U+026B),c9ab
621,ɬ,LATIN SMALL LETTER L WITH BELT (U+026C),c9ac
622,ɭ,LATIN SMALL LETTER L WITH RETROFLEX HOOK (U+026D),c9ad
623,ɮ,LATIN SMALL LETTER LEZH (U+026E),c9ae
624,ɯ,LATIN SMALL LETTER TURNED M (U+026F),c9af
625,ɰ,LATIN SMALL LETTER TURNED M WITH LONG LEG (U+0270),c9b0
626,ɱ,LATIN SMALL LETTER M WITH HOOK (U+0271),c9b1
627,ɲ,LATIN SMALL LETTER N WITH LEFT HOOK (U+0272),c9b2
628,ɳ,LATIN SMALL LETTER N WITH RETROFLEX HOOK (U+0273),c9b3
629,ɴ,LATIN LETTER SMALL CAPITAL N (U+0274),c9b4
630,ɵ,LATIN SMALL LETTER BARRED O (U+0275),c9b5
631,ɶ,LATIN LETTER SMALL CAPITAL OE (U+0276),c9b6
632,ɷ,LATIN SMALL LETTER CLOSED OMEGA (U+0277),c9b7
633,ɸ,LATIN SMALL LETTER PHI (U+0278),c9b8
634,ɹ,LATIN SMALL LETTER TURNED R (U+0279),c9b9
635,ɺ,LATIN SMALL LETTER TURNED R WITH LONG LEG (U+027A),c9ba
636,ɻ,LATIN SMALL LETTER TURNED R WITH HOOK (U+027B),c9bb
637,ɼ,LATIN SMALL LETTER R WITH LONG LEG (U+027C),c9bc
638,ɽ,LATIN SMALL LETTER R WITH TAIL (U+027D),c9bd
639,ɾ,LATIN SMALL LETTER R WITH FISHHOOK (U+027E),c9be
640,ɿ,LATIN SMALL LETTER REVERSED R WITH FISHHOOK (U+027F),c9bf
641,ʀ,LATIN LETTER SMALL CAPITAL R (U+0280),ca80
642,ʁ,LATIN LETTER SMALL CAPITAL INVERTED R (U+0281),ca81
643,ʂ,LATIN SMALL LETTER S WITH HOOK (U+0282),ca82
644,ʃ,LATIN SMALL LETTER ESH (U+0283),ca83
645,ʄ,LATIN SMALL LETTER DOTLESS J WITH STROKE AND HOOK (U+0284),ca84
646,ʅ,LATIN SMALL LETTER SQUAT REVERSED ESH (U+0285),ca85
647,ʆ,LATIN SMALL LETTER ESH WITH CURL (U+0286),ca86
648,ʇ,LATIN SMALL LETTER TURNED T (U+0287),ca87
649,ʈ,LATIN SMALL LETTER T WITH RETROFLEX HOOK (U+0288),ca88
650,ʉ,LATIN SMALL LETTER U BAR (U+0289),ca89
651,ʊ,LATIN SMALL LETTER UPSILON (U+028A),ca8a
652,ʋ,LATIN SMALL LETTER V WITH HOOK (U+028B),ca8b
653,ʌ,LATIN SMALL LETTER TURNED V (U+028C),ca8c
654,ʍ,LATIN SMALL LETTER TURNED W (U+028D),ca8d
655,ʎ,LATIN SMALL LETTER TURNED Y (U+028E),ca8e
656,ʏ,LATIN LETTER SMALL CAPITAL Y (U+028F),ca8f
657,ʐ,LATIN SMALL LETTER Z WITH RETROFLEX HOOK (U+0290),ca90
658,ʑ,LATIN SMALL LETTER Z WITH CURL (U+0291),ca91
659,ʒ,LATIN SMALL LETTER EZH (U+0292),ca92
660,ʓ,LATIN SMALL LETTER EZH WITH CURL (U+0293),ca93
661,ʔ,LATIN LETTER GLOTTAL STOP (U+0294),ca94
662,ʕ,LATIN LETTER PHARYNGEAL VOICED FRICATIVE (U+0295),ca95
663,ʖ,LATIN LETTER INVERTED GLOTTAL STOP (U+0296),ca96
664,ʗ,LATIN LETTER STRETCHED C (U+0297),ca97
665,ʘ,LATIN LETTER BILABIAL CLICK (U+0298),ca98
666,ʙ,LATIN LETTER SMALL CAPITAL B (U+0299),ca99
667,ʚ,LATIN SMALL LETTER CLOSED OPEN E (U+029A),ca9a
668,ʛ,LATIN LETTER SMALL CAPITAL G WITH HOOK (U+029B),ca9b
669,ʜ,LATIN LETTER SMALL CAPITAL H (U+029C),ca9c
670,ʝ,LATIN SMALL LETTER J WITH CROSSED-TAIL (U+029D),ca9d
671,ʞ,LATIN SMALL LETTER TURNED K (U+029E),ca9e
672,ʟ,LATIN LETTER SMALL CAPITAL L (U+029F),ca9f
673,ʠ,LATIN SMALL LETTER Q WITH HOOK (U+02A0),caa0
674,ʡ,LATIN LETTER GLOTTAL STOP WITH STROKE (U+02A1),caa1
675,ʢ,LATIN LETTER REVERSED GLOTTAL STOP WITH STROKE (U+02A2),caa2
676,ʣ,LATIN SMALL LETTER DZ DIGRAPH (U+02A3),caa3
677,ʤ,LATIN SMALL LETTER DEZH DIGRAPH (U+02A4),caa4
678,ʥ,LATIN SMALL LETTER DZ DIGRAPH WITH CURL (U+02A5),caa5
679,ʦ,LATIN SMALL LETTER TS DIGRAPH (U+02A6),caa6
680,ʧ,LATIN SMALL LETTER TESH DIGRAPH (U+02A7),caa7
681,ʨ,LATIN SMALL LETTER TC DIGRAPH WITH CURL (U+02A8),caa8
682,ʩ,LATIN SMALL LETTER FENG DIGRAPH (U+02A9),caa9
683,ʪ,LATIN SMALL LETTER LS DIGRAPH (U+02AA),caaa
684,ʫ,LATIN SMALL LETTER LZ DIGRAPH (U+02AB),caab
685,ʬ,LATIN LETTER BILABIAL PERCUSSIVE (U+02AC),caac
686,ʭ,LATIN LETTER BIDENTAL PERCUSSIVE (U+02AD),caad
687,ʮ,LATIN SMALL LETTER TURNED H WITH FISHHOOK (U+02AE),caae
688,ʯ,LATIN SMALL LETTER TURNED H WITH FISHHOOK AND TAIL (U+02AF),caaf
689,ʰ,MODIFIER LETTER SMALL H (U+02B0),cab0
690,ʱ,MODIFIER LETTER SMALL H WITH HOOK (U+02B1),cab1
691,ʲ,MODIFIER LETTER SMALL J (U+02B2),cab2
692,ʳ,MODIFIER LETTER SMALL R (U+02B3),cab3
693,ʴ,MODIFIER LETTER SMALL TURNED R (U+02B4),cab4
694,ʵ,MODIFIER LETTER SMALL TURNED R WITH HOOK (U+02B5),cab5
695,ʶ,MODIFIER LETTER SMALL CAPITAL INVERTED R (U+02B6),cab6
696,ʷ,MODIFIER LETTER SMALL W (U+02B7),cab7
697,ʸ,MODIFIER LETTER SMALL Y (U+02B8),cab8
698,ʹ,MODIFIER LETTER PRIME (U+02B9),cab9
699,ʺ,MODIFIER LETTER DOUBLE PRIME (U+02BA),caba
700,ʻ,MODIFIER LETTER TURNED COMMA (U+02BB),cabb
701,ʼ,MODIFIER LETTER APOSTROPHE (U+02BC),cabc
702,ʽ,MODIFIER LETTER REVERSED COMMA (U+02BD),cabd
703,ʾ,MODIFIER LETTER RIGHT HALF RING (U+02BE),cabe
704,ʿ,MODIFIER LETTER LEFT HALF RING (U+02BF),cabf
705,ˀ,MODIFIER LETTER GLOTTAL STOP (U+02C0),cb80
706,ˁ,MODIFIER LETTER REVERSED GLOTTAL STOP (U+02C1),cb81
707,˂,MODIFIER LETTER LEFT ARROWHEAD (U+02C2),cb82
708,˃,MODIFIER LETTER RIGHT ARROWHEAD (U+02C3),cb83
709,˄,MODIFIER LETTER UP ARROWHEAD (U+02C4),cb84
710,˅,MODIFIER LETTER DOWN ARROWHEAD (U+02C5),cb85
711,ˆ,MODIFIER LETTER CIRCUMFLEX ACCENT (U+02C6),cb86
712,ˇ,CARON (U+02C7),cb87
713,ˈ,MODIFIER LETTER VERTICAL LINE (U+02C8),cb88
714,ˉ,MODIFIER LETTER MACRON (U+02C9),cb89
715,ˊ,MODIFIER LETTER ACUTE ACCENT (U+02CA),cb8a
716,ˋ,MODIFIER LETTER GRAVE ACCENT (U+02CB),cb8b
717,ˌ,MODIFIER LETTER LOW VERTICAL LINE (U+02CC),cb8c
718,ˍ,MODIFIER LETTER LOW MACRON (U+02CD),cb8d
719,ˎ,MODIFIER LETTER LOW GRAVE ACCENT (U+02CE),cb8e
720,ˏ,MODIFIER LETTER LOW ACUTE ACCENT (U+02CF),cb8f
721,ː,MODIFIER LETTER TRIANGULAR COLON (U+02D0),cb90
722,ˑ,MODIFIER LETTER HALF TRIANGULAR COLON (U+02D1),cb91
723,˒,MODIFIER LETTER CENTRED RIGHT HALF RING (U+02D2),cb92
724,˓,MODIFIER LETTER CENTRED LEFT HALF RING (U+02D3),cb93
725,˔,MODIFIER LETTER UP TACK (U+02D4),cb94
726,˕,MODIFIER LETTER DOWN TACK (U+02D5),cb95
727,˖,MODIFIER LETTER PLUS SIGN (U+02D6),cb96
728,˗,MODIFIER LETTER MINUS SIGN (U+02D7),cb97
729,˘,BREVE (U+02D8),cb98
730,˙,DOT ABOVE (U+02D9),cb99
731,˚,RING ABOVE (U+02DA),cb9a
732,˛,OGONEK (U+02DB),cb9b
733,˜,SMALL TILDE (U+02DC),cb9c
734,˝,DOUBLE ACUTE ACCENT (U+02DD),cb9d
735,˞,MODIFIER LETTER RHOTIC HOOK (U+02DE),cb9e
736,˟,MODIFIER LETTER CROSS ACCENT (U+02DF),cb9f
737,ˠ,MODIFIER LETTER SMALL GAMMA (U+02E0),cba0
738,ˡ,MODIFIER LETTER SMALL L (U+02E1),cba1
739,ˢ,MODIFIER LETTER SMALL S (U+02E2),cba2
740,ˣ,MODIFIER LETTER SMALL X (U+02E3),cba3
741,ˤ,MODIFIER LETTER SMALL REVERSED GLOTTAL STOP (U+02E4),cba4
742,˥,MODIFIER LETTER EXTRA-HIGH TONE BAR (U+02E5),cba5
743,˦,MODIFIER LETTER HIGH TONE BAR (U+02E6),cba6
744,˧,MODIFIER LETTER MID TONE BAR (U+02E7),cba7
745,˨,MODIFIER LETTER LOW TONE BAR (U+02E8),cba8
746,˩,MODIFIER LETTER EXTRA-LOW TONE BAR (U+02E9),cba9
747,˪,MODIFIER LETTER YIN DEPARTING TONE MARK (U+02EA),cbaa
748,˫,MODIFIER LETTER YANG DEPARTING TONE MARK (U+02EB),cbab
749,ˬ,MODIFIER LETTER VOICING (U+02EC),cbac
750,˭,MODIFIER LETTER UNASPIRATED (U+02ED),cbad
751,ˮ,MODIFIER LETTER DOUBLE APOSTROPHE (U+02EE),cbae
752,˯,MODIFIER LETTER LOW DOWN ARROWHEAD (U+02EF),cbaf
753,˰,MODIFIER LETTER LOW UP ARROWHEAD (U+02F0),cbb0
754,˱,MODIFIER LETTER LOW LEFT ARROWHEAD (U+02F1),cbb1
755,˲,MODIFIER LETTER LOW RIGHT ARROWHEAD (U+02F2),cbb2
756,˳,MODIFIER LETTER LOW RING (U+02F3),cbb3
757,˴,MODIFIER LETTER MIDDLE GRAVE ACCENT (U+02F4),cbb4
758,˵,MODIFIER LETTER MIDDLE DOUBLE GRAVE ACCENT (U+02F5),cbb5
759,˶,MODIFIER LETTER MIDDLE DOUBLE ACUTE ACCENT (U+02F6),cbb6
760,˷,MODIFIER LETTER LOW TILDE (U+02F7),cbb7
761,˸,MODIFIER LETTER RAISED COLON (U+02F8),cbb8
762,˹,MODIFIER LETTER BEGIN HIGH TONE (U+02F9),cbb9
763,˺,MODIFIER LETTER END HIGH TONE (U+02FA),cbba
764,˻,MODIFIER LETTER BEGIN LOW TONE (U+02FB),cbbb
765,˼,MODIFIER LETTER END LOW TONE (U+02FC),cbbc
766,˽,MODIFIER LETTER SHELF (U+02FD),cbbd
767,˾,MODIFIER LETTER OPEN SHELF (U+02FE),cbbe
768,˿,MODIFIER LETTER LOW LEFT ARROW (U+02FF),cbbf
769,̀,COMBINING GRAVE ACCENT (U+0300),cc80
770,́,COMBINING ACUTE ACCENT (U+0301),cc81
771,̂,COMBINING CIRCUMFLEX ACCENT (U+0302),cc82
772,̃,COMBINING TILDE (U+0303),cc83
773,̄,COMBINING MACRON (U+0304),cc84
774,̅,COMBINING OVERLINE (U+0305),cc85
775,̆,COMBINING BREVE (U+0306),cc86
776,̇,COMBINING DOT ABOVE (U+0307),cc87
777,̈,COMBINING DIAERESIS (U+0308),cc88
778,̉,COMBINING HOOK ABOVE (U+0309),cc89
779,̊,COMBINING RING ABOVE (U+030A),cc8a
780,̋,COMBINING DOUBLE ACUTE ACCENT (U+030B),cc8b
781,̌,COMBINING CARON (U+030C),cc8c
782,̍,COMBINING VERTICAL LINE ABOVE (U+030D),cc8d
783,̎,COMBINING DOUBLE VERTICAL LINE ABOVE (U+030E),cc8e
784,̏,COMBINING DOUBLE GRAVE ACCENT (U+030F),cc8f
785,̐,COMBINING CANDRABINDU (U+0310),cc90
786,̑,COMBINING INVERTED BREVE (U+0311),cc91
787,̒,COMBINING TURNED COMMA ABOVE (U+0312),cc92
788,̓,COMBINING COMMA ABOVE (U+0313),cc93
789,̔,COMBINING REVERSED COMMA ABOVE (U+0314),cc94
790,̕,COMBINING COMMA ABOVE RIGHT (U+0315),cc95
791,̖,COMBINING GRAVE ACCENT BELOW (U+0316),cc96
792,̗,COMBINING ACUTE ACCENT BELOW (U+0317),cc97
793,̘,COMBINING LEFT TACK BELOW (U+0318),cc98
794,̙,COMBINING RIGHT TACK BELOW (U+0319),cc99
795,̚,COMBINING LEFT ANGLE ABOVE (U+031A),cc9a
796,̛,COMBINING HORN (U+031B),cc9b
797,̜,COMBINING LEFT HALF RING BELOW (U+031C),cc9c
798,̝,COMBINING UP TACK BELOW (U+031D),cc9d
799,̞,COMBINING DOWN TACK BELOW (U+031E),cc9e
800,̟,COMBINING PLUS SIGN BELOW (U+031F),cc9f
801,̠,COMBINING MINUS SIGN BELOW (U+0320),cca0
802,̡,COMBINING PALATALIZED HOOK BELOW (U+0321),cca1
803,̢,COMBINING RETROFLEX HOOK BELOW (U+0322),cca2
804,̣,COMBINING DOT BELOW (U+0323),cca3
805,̤,COMBINING DIAERESIS BELOW (U+0324),cca4
806,̥,COMBINING RING BELOW (U+0325),cca5
807,̦,COMBINING COMMA BELOW (U+0326),cca6
808,̧,COMBINING CEDILLA (U+0327),cca7
809,̨,COMBINING OGONEK (U+0328),cca8
810,̩,COMBINING VERTICAL LINE BELOW (U+0329),cca9
811,̪,COMBINING BRIDGE BELOW (U+032A),ccaa
812,̫,COMBINING INVERTED DOUBLE ARCH BELOW (U+032B),ccab
813,̬,COMBINING CARON BELOW (U+032C),ccac
814,̭,COMBINING CIRCUMFLEX ACCENT BELOW (U+032D),ccad
815,̮,COMBINING BREVE BELOW (U+032E),ccae
816,̯,COMBINING INVERTED BREVE BELOW (U+032F),ccaf
817,̰,COMBINING TILDE BELOW (U+0330),ccb0
818,̱,COMBINING MACRON BELOW (U+0331),ccb1
819,̲,COMBINING LOW LINE (U+0332),ccb2
820,̳,COMBINING DOUBLE LOW LINE (U+0333),ccb3
821,̴,COMBINING TILDE OVERLAY (U+0334),ccb4
822,̵,COMBINING SHORT STROKE OVERLAY (U+0335),ccb5
823,̶,COMBINING LONG STROKE OVERLAY (U+0336),ccb6
824,̷,COMBINING SHORT SOLIDUS OVERLAY (U+0337),ccb7
825,̸,COMBINING LONG SOLIDUS OVERLAY (U+0338),ccb8
826,̹,COMBINING RIGHT HALF RING BELOW (U+0339),ccb9
827,̺,COMBINING INVERTED BRIDGE BELOW (U+033A),ccba
828,̻,COMBINING SQUARE BELOW (U+033B),ccbb
829,̼,COMBINING SEAGULL BELOW (U+033C),ccbc
830,̽,COMBINING X ABOVE (U+033D),ccbd
831,̾,COMBINING VERTICAL TILDE (U+033E),ccbe
832,̿,COMBINING DOUBLE OVERLINE (U+033F),ccbf
833,̀,COMBINING GRAVE TONE MARK (U+0340),cd80
834,́,COMBINING ACUTE TONE MARK (U+0341),cd81
835,͂,COMBINING GREEK PERISPOMENI (U+0342),cd82
836,̓,COMBINING GREEK KORONIS (U+0343),cd83
837,̈́,COMBINING GREEK DIALYTIKA TONOS (U+0344),cd84
838,ͅ,COMBINING GREEK YPOGEGRAMMENI (U+0345),cd85
839,͆,COMBINING BRIDGE ABOVE (U+0346),cd86
840,͇,COMBINING EQUALS SIGN BELOW (U+0347),cd87
841,͈,COMBINING DOUBLE VERTICAL LINE BELOW (U+0348),cd88
842,͉,COMBINING LEFT ANGLE BELOW (U+0349),cd89
843,͊,COMBINING NOT TILDE ABOVE (U+034A),cd8a
844,͋,COMBINING HOMOTHETIC ABOVE (U+034B),cd8b
845,͌,COMBINING ALMOST EQUAL TO ABOVE (U+034C),cd8c
846,͍,COMBINING LEFT RIGHT ARROW BELOW (U+034D),cd8d
847,͎,COMBINING UPWARDS ARROW BELOW (U+034E),cd8e
848,͏,COMBINING GRAPHEME JOINER (U+034F),cd8f
849,͐,COMBINING RIGHT ARROWHEAD ABOVE (U+0350),cd90
850,͑,COMBINING LEFT HALF RING ABOVE (U+0351),cd91
851,͒,COMBINING FERMATA (U+0352),cd92
852,͓,COMBINING X BELOW (U+0353),cd93
853,͔,COMBINING LEFT ARROWHEAD BELOW (U+0354),cd94
854,͕,COMBINING RIGHT ARROWHEAD BELOW (U+0355),cd95
855,͖,COMBINING RIGHT ARROWHEAD AND UP ARROWHEAD BELOW (U+0356),cd96
856,͗,COMBINING RIGHT HALF RING ABOVE (U+0357),cd97
857,͘,COMBINING DOT ABOVE RIGHT (U+0358),cd98
858,͙,COMBINING ASTERISK BELOW (U+0359),cd99
859,͚,COMBINING DOUBLE RING BELOW (U+035A),cd9a
860,͛,COMBINING ZIGZAG ABOVE (U+035B),cd9b
861,͜,COMBINING DOUBLE BREVE BELOW (U+035C),cd9c
862,͝,COMBINING DOUBLE BREVE (U+035D),cd9d
863,͞,COMBINING DOUBLE MACRON (U+035E),cd9e
864,͟,COMBINING DOUBLE MACRON BELOW (U+035F),cd9f
865,͠,COMBINING DOUBLE TILDE (U+0360),cda0
866,͡,COMBINING DOUBLE INVERTED BREVE (U+0361),cda1
867,͢,COMBINING DOUBLE RIGHTWARDS ARROW BELOW (U+0362),cda2
868,ͣ,COMBINING LATIN SMALL LETTER A (U+0363),cda3
869,ͤ,COMBINING LATIN SMALL LETTER E (U+0364),cda4
870,ͥ,COMBINING LATIN SMALL LETTER I (U+0365),cda5
871,ͦ,COMBINING LATIN SMALL LETTER O (U+0366),cda6
872,ͧ,COMBINING LATIN SMALL LETTER U (U+0367),cda7
873,ͨ,COMBINING LATIN SMALL LETTER C (U+0368),cda8
874,ͩ,COMBINING LATIN SMALL LETTER D (U+0369),cda9
875,ͪ,COMBINING LATIN SMALL LETTER H (U+036A),cdaa
876,ͫ,COMBINING LATIN SMALL LETTER M (U+036B),cdab
877,ͬ,COMBINING LATIN SMALL LETTER R (U+036C),cdac
878,ͭ,COMBINING LATIN SMALL LETTER T (U+036D),cdad
879,ͮ,COMBINING LATIN SMALL LETTER V (U+036E),cdae
880,ͯ,COMBINING LATIN SMALL LETTER X (U+036F),cdaf
881,Ͱ,GREEK CAPITAL LETTER HETA (U+0370),cdb0
882,ͱ,GREEK SMALL LETTER HETA (U+0371),cdb1
883,Ͳ,GREEK CAPITAL LETTER ARCHAIC SAMPI (U+0372),cdb2
884,ͳ,GREEK SMALL LETTER ARCHAIC SAMPI (U+0373),cdb3
885,ʹ,GREEK NUMERAL SIGN (U+0374),cdb4
886,͵,GREEK LOWER NUMERAL SIGN (U+0375),cdb5
887,Ͷ,GREEK CAPITAL LETTER PAMPHYLIAN DIGAMMA (U+0376),cdb6
888,ͷ,GREEK SMALL LETTER PAMPHYLIAN DIGAMMA (U+0377),cdb7
889,ͺ,GREEK YPOGEGRAMMENI (U+037A),cdba
890,ͻ,GREEK SMALL REVERSED LUNATE SIGMA SYMBOL (U+037B),cdbb
891,ͼ,GREEK SMALL DOTTED LUNATE SIGMA SYMBOL (U+037C),cdbc
892,ͽ,GREEK SMALL REVERSED DOTTED LUNATE SIGMA SYMBOL (U+037D),cdbd
893,;,GREEK QUESTION MARK (U+037E),cdbe
894,Ϳ,GREEK CAPITAL LETTER YOT (U+037F),cdbf
895,΄,GREEK TONOS (U+0384),ce84
896,΅,GREEK DIALYTIKA TONOS (U+0385),ce85
897,Ά,GREEK CAPITAL LETTER ALPHA WITH TONOS (U+0386),ce86
898,·,GREEK ANO TELEIA (U+0387),ce87
899,Έ,GREEK CAPITAL LETTER EPSILON WITH TONOS (U+0388),ce88
900,Ή,GREEK CAPITAL LETTER ETA WITH TONOS (U+0389),ce89
901,Ί,GREEK CAPITAL LETTER IOTA WITH TONOS (U+038A),ce8a
902,Ό,GREEK CAPITAL LETTER OMICRON WITH TONOS (U+038C),ce8c
903,Ύ,GREEK CAPITAL LETTER UPSILON WITH TONOS (U+038E),ce8e
904,Ώ,GREEK CAPITAL LETTER OMEGA WITH TONOS (U+038F),ce8f
905,ΐ,GREEK SMALL LETTER IOTA WITH DIALYTIKA AND TONOS (U+0390),ce90
906,Α,GREEK CAPITAL LETTER ALPHA (U+0391),ce91
907,Β,GREEK CAPITAL LETTER BETA (U+0392),ce92
908,Γ,GREEK CAPITAL LETTER GAMMA (U+0393),ce93
909,Δ,GREEK CAPITAL LETTER DELTA (U+0394),ce94
910,Ε,GREEK CAPITAL LETTER EPSILON (U+0395),ce95
911,Ζ,GREEK CAPITAL LETTER ZETA (U+0396),ce96
912,Η,GREEK CAPITAL LETTER ETA (U+0397),ce97
913,Θ,GREEK CAPITAL LETTER THETA (U+0398),ce98
914,Ι,GREEK CAPITAL LETTER IOTA (U+0399),ce99
915,Κ,GREEK CAPITAL LETTER KAPPA (U+039A),ce9a
916,Λ,GREEK CAPITAL LETTER LAMDA (U+039B),ce9b
917,Μ,GREEK CAPITAL LETTER MU (U+039C),ce9c
918,Ν,GREEK CAPITAL LETTER NU (U+039D),ce9d
919,Ξ,GREEK CAPITAL LETTER XI (U+039E),ce9e
920,Ο,GREEK CAPITAL LETTER OMICRON (U+039F),ce9f
921,Π,GREEK CAPITAL LETTER PI (U+03A0),cea0
922,Ρ,GREEK CAPITAL LETTER RHO (U+03A1),cea1
923,Σ,GREEK CAPITAL LETTER SIGMA (U+03A3),cea3
924,Τ,GREEK CAPITAL LETTER TAU (U+03A4),cea4
925,Υ,GREEK CAPITAL LETTER UPSILON (U+03A5),cea5
926,Φ,GREEK CAPITAL LETTER PHI (U+03A6),cea6
927,Χ,GREEK CAPITAL LETTER CHI (U+03A7),cea7
928,Ψ,GREEK CAPITAL LETTER PSI (U+03A8),cea8
929,Ω,GREEK CAPITAL LETTER OMEGA (U+03A9),cea9
930,Ϊ,GREEK CAPITAL LETTER IOTA WITH DIALYTIKA (U+03AA),ceaa
931,Ϋ,GREEK CAPITAL LETTER UPSILON WITH DIALYTIKA (U+03AB),ceab
932,ά,GREEK SMALL LETTER ALPHA WITH TONOS (U+03AC),ceac
933,έ,GREEK SMALL LETTER EPSILON WITH TONOS (U+03AD),cead
934,ή,GREEK SMALL LETTER ETA WITH TONOS (U+03AE),ceae
935,ί,GREEK SMALL LETTER IOTA WITH TONOS (U+03AF),ceaf
936,ΰ,GREEK SMALL LETTER UPSILON WITH DIALYTIKA AND TONOS (U+03B0),ceb0
937,α,GREEK SMALL LETTER ALPHA (U+03B1),ceb1
938,β,GREEK SMALL LETTER BETA (U+03B2),ceb2
939,γ,GREEK SMALL LETTER GAMMA (U+03B3),ceb3
940,δ,GREEK SMALL LETTER DELTA (U+03B4),ceb4
941,ε,GREEK SMALL LETTER EPSILON (U+03B5),ceb5
942,ζ,GREEK SMALL LETTER ZETA (U+03B6),ceb6
943,η,GREEK SMALL LETTER ETA (U+03B7),ceb7
944,θ,GREEK SMALL LETTER THETA (U+03B8),ceb8
945,ι,GREEK SMALL LETTER IOTA (U+03B9),ceb9
946,κ,GREEK SMALL LETTER KAPPA (U+03BA),ceba
947,λ,GREEK SMALL LETTER LAMDA (U+03BB),cebb
948,μ,GREEK SMALL LETTER MU (U+03BC),cebc
949,ν,GREEK SMALL LETTER NU (U+03BD),cebd
950,ξ,GREEK SMALL LETTER XI (U+03BE),cebe
951,ο,GREEK SMALL LETTER OMICRON (U+03BF),cebf
952,π,GREEK SMALL LETTER PI (U+03C0),cf80
953,ρ,GREEK SMALL LETTER RHO (U+03C1),cf81
954,ς,GREEK SMALL LETTER FINAL SIGMA (U+03C2),cf82
955,σ,GREEK SMALL LETTER SIGMA (U+03C3),cf83
956,τ,GREEK SMALL LETTER TAU (U+03C4),cf84
957,υ,GREEK SMALL LETTER UPSILON (U+03C5),cf85
958,φ,GREEK SMALL LETTER PHI (U+03C6),cf86
959,χ,GREEK SMALL LETTER CHI (U+03C7),cf87
960,ψ,GREEK SMALL LETTER PSI (U+03C8),cf88
961,ω,GREEK SMALL LETTER OMEGA (U+03C9),cf89
962,ϊ,GREEK SMALL LETTER IOTA WITH DIALYTIKA (U+03CA),cf8a
963,ϋ,GREEK SMALL LETTER UPSILON WITH DIALYTIKA (U+03CB),cf8b
964,ό,GREEK SMALL LETTER OMICRON WITH TONOS (U+03CC),cf8c
965,ύ,GREEK SMALL LETTER UPSILON WITH TONOS (U+03CD),cf8d
966,ώ,GREEK SMALL LETTER OMEGA WITH TONOS (U+03CE),cf8e
967,Ϗ,GREEK CAPITAL KAI SYMBOL (U+03CF),cf8f
968,ϐ,GREEK BETA SYMBOL (U+03D0),cf90
969,ϑ,GREEK THETA SYMBOL (U+03D1),cf91
970,ϒ,GREEK UPSILON WITH HOOK SYMBOL (U+03D2),cf92
971,ϓ,GREEK UPSILON WITH ACUTE AND HOOK SYMBOL (U+03D3),cf93
972,ϔ,GREEK UPSILON WITH DIAERESIS AND HOOK SYMBOL (U+03D4),cf94
973,ϕ,GREEK PHI SYMBOL (U+03D5),cf95
974,ϖ,GREEK PI SYMBOL (U+03D6),cf96
975,ϗ,GREEK KAI SYMBOL (U+03D7),cf97
976,Ϙ,GREEK LETTER ARCHAIC KOPPA (U+03D8),cf98
977,ϙ,GREEK SMALL LETTER ARCHAIC KOPPA (U+03D9),cf99
978,Ϛ,GREEK LETTER STIGMA (U+03DA),cf9a
979,ϛ,GREEK SMALL LETTER STIGMA (U+03DB),cf9b
980,Ϝ,GREEK LETTER DIGAMMA (U+03DC),cf9c
981,ϝ,GREEK SMALL LETTER DIGAMMA (U+03DD),cf9d
982,Ϟ,GREEK LETTER KOPPA (U+03DE),cf9e
983,ϟ,GREEK SMALL LETTER KOPPA (U+03DF),cf9f
984,Ϡ,GREEK LETTER SAMPI (U+03E0),cfa0
985,ϡ,GREEK SMALL LETTER SAMPI (U+03E1),cfa1
986,Ϣ,COPTIC CAPITAL LETTER SHEI (U+03E2),cfa2
987,ϣ,COPTIC SMALL LETTER SHEI (U+03E3),cfa3
988,Ϥ,COPTIC CAPITAL LETTER FEI (U+03E4),cfa4
989,ϥ,COPTIC SMALL LETTER FEI (U+03E5),cfa5
990,Ϧ,COPTIC CAPITAL LETTER KHEI (U+03E6),cfa6
991,ϧ,COPTIC SMALL LETTER KHEI (U+03E7),cfa7
992,Ϩ,COPTIC CAPITAL LETTER HORI (U+03E8),cfa8
993,ϩ,COPTIC SMALL LETTER HORI (U+03E9),cfa9
994,Ϫ,COPTIC CAPITAL LETTER GANGIA (U+03EA),cfaa
995,ϫ,COPTIC SMALL LETTER GANGIA (U+03EB),cfab
996,Ϭ,COPTIC CAPITAL LETTER SHIMA (U+03EC),cfac
997,ϭ,COPTIC SMALL LETTER SHIMA (U+03ED),cfad
998,Ϯ,COPTIC CAPITAL LETTER DEI (U+03EE),cfae
999,ϯ,COPTIC SMALL LETTER DEI (U+03EF),cfaf
1000,ϰ,GREEK KAPPA SYMBOL (U+03F0),cfb0
1001,ϱ,GREEK RHO SYMBOL (U+03F1),cfb1
1002,ϲ,GREEK LUNATE SIGMA SYMBOL (U+03F2),cfb2
1003,ϳ,GREEK LETTER YOT (U+03F3),cfb3
1004,ϴ,GREEK CAPITAL THETA SYMBOL (U+03F4),cfb4
1005,ϵ,GREEK LUNATE EPSILON SYMBOL (U+03F5),cfb5
1006,϶,GREEK REVERSED LUNATE EPSILON SYMBOL (U+03F6),cfb6
1007,Ϸ,GREEK CAPITAL LETTER SHO (U+03F7),cfb7
1008,ϸ,GREEK SMALL LETTER SHO (U+03F8),cfb8
1009,Ϲ,GREEK CAPITAL LUNATE SIGMA SYMBOL (U+03F9),cfb9
1010,Ϻ,GREEK CAPITAL LETTER SAN (U+03FA),cfba
1011,ϻ,GREEK SMALL LETTER SAN (U+03FB),cfbb
1012,ϼ,GREEK RHO WITH STROKE SYMBOL (U+03FC),cfbc
1013,Ͻ,GREEK CAPITAL REVERSED LUNATE SIGMA SYMBOL (U+03FD),cfbd
1014,Ͼ,GREEK CAPITAL DOTTED LUNATE SIGMA SYMBOL (U+03FE),cfbe
1015,Ͽ,GREEK CAPITAL REVERSED DOTTED LUNATE SIGMA SYMBOL (U+03FF),cfbf
1016,Ѐ,CYRILLIC CAPITAL LETTER IE WITH GRAVE (U+0400),d080
1017,Ё,CYRILLIC CAPITAL LETTER IO (U+0401),d081
1018,Ђ,CYRILLIC CAPITAL LETTER DJE (U+0402),d082
1019,Ѓ,CYRILLIC CAPITAL LETTER GJE (U+0403),d083
1020,Є,CYRILLIC CAPITAL LETTER UKRAINIAN IE (U+0404),d084
1021,Ѕ,CYRILLIC CAPITAL LETTER DZE (U+0405),d085
1022,І,CYRILLIC CAPITAL LETTER BYELORUSSIAN-UKRAINIAN I (U+0406),d086
1023,Ї,CYRILLIC CAPITAL LETTER YI (U+0407),d087
1024,Ј,CYRILLIC CAPITAL LETTER JE (U+0408),d088
1025,More...,,
